{
    "name": "cerabonds-degrees-of-success",
    "title": "Cerabond's Degrees of Success",
    "description": "Tints tokens based on the degree of success when rolling a saving throw.",
    "version": "1.0.0",
    "authors": [{ "name": "Cerabond" }],
    "esmodules": ["cerabonds-degrees-of-success.js"],
    "manifest": "https://raw.githubusercontent.com/Cerabond/Cerabonds-Suite/refs/heads/master/cerabonds-degrees-of-success/module.json",
    "download": "https://github.com/Cerabond/Cerabonds-Suite/raw/refs/heads/master/cerabonds-degrees-of-success/module.zip",
      "compatibility": {
    "minimum": "13",
    "verified": "13"
  }
}